{
    "books":
              [
                {
                    "title": "Professional JavaScript",
                    "authors": [
                        "Nicholas C. Zakas"
                    ],
                    "edition": 3,
                    "year": 2011
                },
                {
                    "title": "Professional JavaScript",
                    "authors": [
                        "Nicholas C.Zakas"
                    ],
                    "edition": 2,
                    "year": 2009
                },
                {
                    "title": "Professional Ajax",
                    "authors": [
                        "Nicholas C. Zakas",
                        "Jeremy McPeak",
                        "Joe Fawcett"
                    ],
                    "edition": 2,
                    "year": 2008
                }
              ]
}